-- MySQL dump 10.13  Distrib 9.3.0, for Win64 (x86_64)
--
-- Host: localhost    Database: mydb
-- ------------------------------------------------------
-- Server version	9.3.0

/*!40101 SET @OLD_CHARACTER_SET_CLIENT=@@CHARACTER_SET_CLIENT */;
/*!40101 SET @OLD_CHARACTER_SET_RESULTS=@@CHARACTER_SET_RESULTS */;
/*!40101 SET @OLD_COLLATION_CONNECTION=@@COLLATION_CONNECTION */;
/*!50503 SET NAMES utf8mb4 */;
/*!40103 SET @OLD_TIME_ZONE=@@TIME_ZONE */;
/*!40103 SET TIME_ZONE='+00:00' */;
/*!40014 SET @OLD_UNIQUE_CHECKS=@@UNIQUE_CHECKS, UNIQUE_CHECKS=0 */;
/*!40014 SET @OLD_FOREIGN_KEY_CHECKS=@@FOREIGN_KEY_CHECKS, FOREIGN_KEY_CHECKS=0 */;
/*!40101 SET @OLD_SQL_MODE=@@SQL_MODE, SQL_MODE='NO_AUTO_VALUE_ON_ZERO' */;
/*!40111 SET @OLD_SQL_NOTES=@@SQL_NOTES, SQL_NOTES=0 */;

--
-- Temporary view structure for view `customer_emails`
--

DROP TABLE IF EXISTS `customer_emails`;
/*!50001 DROP VIEW IF EXISTS `customer_emails`*/;
SET @saved_cs_client     = @@character_set_client;
/*!50503 SET character_set_client = utf8mb4 */;
/*!50001 CREATE VIEW `customer_emails` AS SELECT 
 1 AS `email`*/;
SET character_set_client = @saved_cs_client;

--
-- Table structure for table `customers`
--

DROP TABLE IF EXISTS `customers`;
/*!40101 SET @saved_cs_client     = @@character_set_client */;
/*!50503 SET character_set_client = utf8mb4 */;
CREATE TABLE `customers` (
  `customer_id` int NOT NULL AUTO_INCREMENT,
  `first_name` varchar(50) DEFAULT NULL,
  `last_name` varchar(50) DEFAULT NULL,
  `referral_id` int DEFAULT NULL,
  `email` varchar(50) DEFAULT NULL,
  PRIMARY KEY (`customer_id`),
  KEY `last_name_first_name_idx` (`last_name`,`first_name`)
) ENGINE=InnoDB AUTO_INCREMENT=6 DEFAULT CHARSET=utf8mb4 COLLATE=utf8mb4_0900_ai_ci;
/*!40101 SET character_set_client = @saved_cs_client */;

--
-- Dumping data for table `customers`
--

LOCK TABLES `customers` WRITE;
/*!40000 ALTER TABLE `customers` DISABLE KEYS */;
INSERT INTO `customers` VALUES (1,'Fred','Fish',NULL,'FFish@gmail.com'),(2,'Larry','Lobster',1,'LLobster@gmail.com'),(3,'Bubble','Bass',2,'BBass@gmail.com'),(5,'Pearl','Krabs',NULL,'PKrabs@gmail.com');
/*!40000 ALTER TABLE `customers` ENABLE KEYS */;
UNLOCK TABLES;

--
-- Table structure for table `elevator_project_schedule`
--

DROP TABLE IF EXISTS `elevator_project_schedule`;
/*!40101 SET @saved_cs_client     = @@character_set_client */;
/*!50503 SET character_set_client = utf8mb4 */;
CREATE TABLE `elevator_project_schedule` (
  `id` int NOT NULL AUTO_INCREMENT,
  `project_id` int DEFAULT NULL,
  `target_handover` date DEFAULT NULL,
  `unloading_equipment_date` date DEFAULT NULL,
  `unloading_equipment_end_date` date DEFAULT NULL,
  `unloading_equipment_done` tinyint(1) DEFAULT '0',
  `scaffolding_date` date DEFAULT NULL,
  `scaffolding_end_date` date DEFAULT NULL,
  `scaffolding_done` tinyint(1) DEFAULT '0',
  `hauling_date` date DEFAULT NULL,
  `hauling_end_date` date DEFAULT NULL,
  `hauling_done` tinyint(1) DEFAULT '0',
  `template_date` date DEFAULT NULL,
  `template_end_date` date DEFAULT NULL,
  `template_done` tinyint(1) DEFAULT '0',
  `boring_holes_date` date DEFAULT NULL,
  `boring_holes_end_date` date DEFAULT NULL,
  `boring_holes_done` tinyint(1) DEFAULT '0',
  `rail_bracket_date` date DEFAULT NULL,
  `rail_bracket_end_date` date DEFAULT NULL,
  `rail_bracket_done` tinyint(1) DEFAULT '0',
  `guide_rail_car_date` date DEFAULT NULL,
  `guide_rail_car_end_date` date DEFAULT NULL,
  `guide_rail_car_done` tinyint(1) DEFAULT '0',
  `guide_rail_cwt_date` date DEFAULT NULL,
  `guide_rail_cwt_end_date` date DEFAULT NULL,
  `guide_rail_cwt_done` tinyint(1) DEFAULT '0',
  `guide_rail_gauge_date` date DEFAULT NULL,
  `guide_rail_gauge_end_date` date DEFAULT NULL,
  `guide_rail_gauge_done` tinyint(1) DEFAULT '0',
  `door_sills_date` date DEFAULT NULL,
  `door_sills_end_date` date DEFAULT NULL,
  `door_sills_done` tinyint(1) DEFAULT '0',
  `door_jamb_date` date DEFAULT NULL,
  `door_jamb_end_date` date DEFAULT NULL,
  `door_jamb_done` tinyint(1) DEFAULT '0',
  `door_frame_date` date DEFAULT NULL,
  `door_frame_end_date` date DEFAULT NULL,
  `door_frame_done` tinyint(1) DEFAULT '0',
  `machine_traction_date` date DEFAULT NULL,
  `machine_traction_end_date` date DEFAULT NULL,
  `machine_traction_done` tinyint(1) DEFAULT '0',
  `machine_beams_date` date DEFAULT NULL,
  `machine_beams_end_date` date DEFAULT NULL,
  `machine_beams_done` tinyint(1) DEFAULT '0',
  `machine_governor_date` date DEFAULT NULL,
  `machine_governor_end_date` date DEFAULT NULL,
  `machine_governor_done` tinyint(1) DEFAULT '0',
  `control_panel_date` date DEFAULT NULL,
  `control_panel_end_date` date DEFAULT NULL,
  `control_panel_done` tinyint(1) DEFAULT '0',
  `car_accessories_date` date DEFAULT NULL,
  `car_accessories_end_date` date DEFAULT NULL,
  `car_accessories_done` tinyint(1) DEFAULT '0',
  `car_wiring_date` date DEFAULT NULL,
  `car_wiring_end_date` date DEFAULT NULL,
  `car_wiring_done` tinyint(1) DEFAULT '0',
  `travelling_cable_date` date DEFAULT NULL,
  `travelling_cable_end_date` date DEFAULT NULL,
  `travelling_cable_done` tinyint(1) DEFAULT '0',
  `counterweight_date` date DEFAULT NULL,
  `counterweight_end_date` date DEFAULT NULL,
  `counterweight_done` tinyint(1) DEFAULT '0',
  `ropes_hoisting_date` date DEFAULT NULL,
  `ropes_hoisting_end_date` date DEFAULT NULL,
  `ropes_hoisting_done` tinyint(1) DEFAULT '0',
  `ropes_governor_date` date DEFAULT NULL,
  `ropes_governor_end_date` date DEFAULT NULL,
  `ropes_governor_done` tinyint(1) DEFAULT '0',
  `ropes_compensating_date` date DEFAULT NULL,
  `ropes_compensating_end_date` date DEFAULT NULL,
  `ropes_compensating_done` tinyint(1) DEFAULT '0',
  `wiring_mr_date` date DEFAULT NULL,
  `wiring_mr_end_date` date DEFAULT NULL,
  `wiring_mr_done` tinyint(1) DEFAULT '0',
  `wiring_hoistway_date` date DEFAULT NULL,
  `wiring_hoistway_end_date` date DEFAULT NULL,
  `wiring_hoistway_done` tinyint(1) DEFAULT '0',
  `pit_ladder_date` date DEFAULT NULL,
  `pit_ladder_end_date` date DEFAULT NULL,
  `pit_ladder_done` tinyint(1) DEFAULT '0',
  `initial_test_date` date DEFAULT NULL,
  `initial_test_end_date` date DEFAULT NULL,
  `initial_test_done` tinyint(1) DEFAULT '0',
  `slow_speed_date` date DEFAULT NULL,
  `slow_speed_end_date` date DEFAULT NULL,
  `slow_speed_done` tinyint(1) DEFAULT '0',
  `high_speed_date` date DEFAULT NULL,
  `high_speed_end_date` date DEFAULT NULL,
  `high_speed_done` tinyint(1) DEFAULT '0',
  `load_test_date` date DEFAULT NULL,
  `load_test_end_date` date DEFAULT NULL,
  `load_test_done` tinyint(1) DEFAULT '0',
  `final_adjust_date` date DEFAULT NULL,
  `final_adjust_end_date` date DEFAULT NULL,
  `final_adjust_done` tinyint(1) DEFAULT '0',
  `features_test_date` date DEFAULT NULL,
  `features_test_end_date` date DEFAULT NULL,
  `features_test_done` tinyint(1) DEFAULT '0',
  `handover_date` date DEFAULT NULL,
  `handover_end_date` date DEFAULT NULL,
  `handover_done` tinyint(1) DEFAULT '0',
  `created_at` timestamp NULL DEFAULT CURRENT_TIMESTAMP,
  `updated_at` timestamp NULL DEFAULT CURRENT_TIMESTAMP ON UPDATE CURRENT_TIMESTAMP,
  PRIMARY KEY (`id`),
  KEY `project_id_fk` (`project_id`),
  CONSTRAINT `project_id_fk` FOREIGN KEY (`project_id`) REFERENCES `projects` (`id`) ON DELETE CASCADE
) ENGINE=InnoDB AUTO_INCREMENT=46 DEFAULT CHARSET=utf8mb4 COLLATE=utf8mb4_0900_ai_ci;
/*!40101 SET character_set_client = @saved_cs_client */;

--
-- Dumping data for table `elevator_project_schedule`
--

LOCK TABLES `elevator_project_schedule` WRITE;
/*!40000 ALTER TABLE `elevator_project_schedule` DISABLE KEYS */;
INSERT INTO `elevator_project_schedule` VALUES (38,265,NULL,'2025-09-18','2025-09-19',0,'2025-09-19','2025-09-21',0,'2025-09-21','2025-09-23',0,'2025-09-23','2025-09-25',0,'2025-09-25','2025-09-26',0,'2025-09-26','2025-09-28',0,'2025-09-28','2025-09-30',0,'2025-09-30','2025-10-02',0,'2025-10-02','2025-10-03',0,'2025-10-03','2025-10-05',0,'2025-10-05','2025-10-07',0,'2025-10-07','2025-10-09',0,'2025-10-09','2025-10-11',0,'2025-10-11','2025-10-13',0,'2025-10-13','2025-10-15',0,'2025-10-15','2025-10-17',0,'2025-10-17','2025-10-19',0,'2025-10-19','2025-10-20',0,'2025-10-20','2025-10-22',0,'2025-10-22','2025-10-24',0,'2025-10-24','2025-10-26',0,'2025-10-26','2025-10-28',0,'2025-10-28','2025-10-29',0,'2025-10-29','2025-10-30',0,'2025-10-30','2025-10-31',0,'2025-10-31','2025-11-02',0,'2025-11-02','2025-11-05',0,'2025-11-05','2025-11-07',0,'2025-11-07','2025-11-09',0,'2025-11-09','2025-11-11',0,'2025-11-11','2025-11-13',0,'2025-11-13','2025-11-15',0,'2025-11-15','2025-11-17',0,'2025-09-10 10:08:19','2025-09-10 10:08:19'),(39,267,NULL,'2025-10-23','2025-10-24',0,'2025-10-24','2025-10-26',0,'2025-10-26','2025-10-28',0,'2025-10-28','2025-10-30',0,'2025-10-30','2025-10-31',0,'2025-10-31','2025-11-02',0,'2025-11-02','2025-11-04',0,'2025-11-04','2025-11-06',0,'2025-11-06','2025-11-07',0,'2025-11-07','2025-11-09',0,'2025-11-09','2025-11-11',0,'2025-11-11','2025-11-13',0,'2025-11-13','2025-11-15',0,'2025-11-15','2025-11-17',0,'2025-11-17','2025-11-19',0,'2025-11-19','2025-11-21',0,'2025-11-21','2025-11-23',0,'2025-11-23','2025-11-24',0,'2025-11-24','2025-11-26',0,'2025-11-26','2025-11-28',0,'2025-11-28','2025-11-30',0,'2025-11-30','2025-12-02',0,'2025-12-02','2025-12-03',0,'2025-12-03','2025-12-04',0,'2025-12-04','2025-12-05',0,'2025-12-05','2025-12-07',0,'2025-12-07','2025-12-10',0,'2025-12-10','2025-12-12',0,'2025-12-12','2025-12-14',0,'2025-12-14','2025-12-16',0,'2025-12-16','2025-12-18',0,'2025-12-18','2025-12-20',0,'2025-12-20','2025-12-22',0,'2025-09-10 10:09:34','2025-09-10 10:09:34'),(40,1,NULL,'2025-08-08','2025-08-09',0,'2025-08-09','2025-08-11',0,'2025-08-11','2025-08-13',0,'2025-08-13','2025-08-15',0,'2025-08-15','2025-08-16',0,'2025-08-16','2025-08-18',0,'2025-08-18','2025-08-20',0,'2025-08-20','2025-08-22',0,'2025-08-22','2025-08-23',0,'2025-08-23','2025-08-25',0,'2025-08-25','2025-08-27',0,'2025-08-27','2025-08-29',0,'2025-08-29','2025-08-31',0,'2025-08-31','2025-09-02',0,'2025-09-02','2025-09-04',0,'2025-09-04','2025-09-06',0,'2025-09-06','2025-09-08',0,'2025-09-08','2025-09-09',0,'2025-09-09','2025-09-11',0,'2025-09-11','2025-09-13',0,'2025-09-13','2025-09-15',0,'2025-09-15','2025-09-17',0,'2025-09-17','2025-09-18',0,'2025-09-18','2025-09-19',0,'2025-09-19','2025-09-20',0,'2025-09-20','2025-09-22',0,'2025-09-22','2025-09-25',0,'2025-09-25','2025-09-27',0,'2025-09-27','2025-09-29',0,'2025-09-29','2025-10-01',0,'2025-10-01','2025-10-03',0,'2025-10-03','2025-10-05',0,'2025-10-05','2025-10-07',0,'2025-09-10 10:10:55','2025-09-10 10:10:55'),(41,48,NULL,'2025-07-21','2025-07-22',0,'2025-07-22','2025-07-24',0,'2025-07-24','2025-07-26',0,'2025-07-26','2025-07-28',0,'2025-07-28','2025-07-29',0,'2025-07-29','2025-07-31',0,'2025-07-31','2025-08-02',0,'2025-08-02','2025-08-04',0,'2025-08-04','2025-08-05',0,'2025-08-05','2025-08-07',0,'2025-08-07','2025-08-09',0,'2025-08-09','2025-08-11',0,'2025-08-11','2025-08-13',0,'2025-08-13','2025-08-15',0,'2025-08-15','2025-08-17',0,'2025-08-17','2025-08-19',0,'2025-08-19','2025-08-21',0,'2025-08-21','2025-08-22',0,'2025-08-22','2025-08-24',0,'2025-08-24','2025-08-26',0,'2025-08-26','2025-08-28',0,'2025-08-28','2025-08-30',0,'2025-08-30','2025-08-31',0,'2025-08-31','2025-09-01',0,'2025-09-01','2025-09-02',0,'2025-09-02','2025-09-04',0,'2025-09-04','2025-09-07',0,'2025-09-07','2025-09-09',0,'2025-09-09','2025-09-11',0,'2025-09-11','2025-09-13',1,'2025-09-13','2025-09-15',0,'2025-09-15','2025-09-17',0,'2025-09-17','2025-09-19',0,'2025-09-10 17:12:31','2025-09-11 16:20:03'),(42,44,NULL,'2025-07-22','2025-07-23',0,'2025-07-23','2025-07-25',0,'2025-07-25','2025-07-27',0,'2025-07-27','2025-07-29',0,'2025-07-29','2025-07-30',0,'2025-07-30','2025-08-01',0,'2025-08-01','2025-08-03',0,'2025-08-03','2025-08-05',0,'2025-08-05','2025-08-06',0,'2025-08-06','2025-08-08',0,'2025-08-08','2025-08-10',0,'2025-08-10','2025-08-12',0,'2025-08-12','2025-08-14',0,'2025-08-14','2025-08-16',0,'2025-08-16','2025-08-18',0,'2025-08-18','2025-08-20',0,'2025-08-20','2025-08-22',0,'2025-08-22','2025-08-23',0,'2025-08-23','2025-08-25',0,'2025-08-25','2025-08-27',0,'2025-08-27','2025-08-29',0,'2025-08-29','2025-08-31',0,'2025-08-31','2025-09-01',0,'2025-09-01','2025-09-02',0,'2025-09-02','2025-09-03',0,'2025-09-03','2025-09-05',0,'2025-09-05','2025-09-08',0,'2025-09-08','2025-09-10',0,'2025-09-10','2025-09-12',0,'2025-09-12','2025-09-14',0,'2025-09-14','2025-09-16',0,'2025-09-16','2025-09-18',0,'2025-09-18','2025-09-20',0,'2025-09-10 17:13:18','2025-09-10 17:13:18'),(43,45,NULL,'2025-07-25','2025-07-26',0,'2025-07-26','2025-07-28',0,'2025-07-28','2025-07-30',0,'2025-07-30','2025-08-01',0,'2025-08-01','2025-08-02',0,'2025-08-02','2025-08-04',0,'2025-08-04','2025-08-06',0,'2025-08-06','2025-08-08',0,'2025-08-08','2025-08-09',0,'2025-08-09','2025-08-11',0,'2025-08-11','2025-08-13',0,'2025-08-13','2025-08-15',0,'2025-08-15','2025-08-17',0,'2025-08-17','2025-08-19',0,'2025-08-19','2025-08-21',0,'2025-08-21','2025-08-23',0,'2025-08-23','2025-08-25',0,'2025-08-25','2025-08-26',0,'2025-08-26','2025-08-28',0,'2025-08-28','2025-08-30',0,'2025-08-30','2025-09-01',0,'2025-09-01','2025-09-03',0,'2025-09-03','2025-09-04',0,'2025-09-04','2025-09-05',0,'2025-09-05','2025-09-06',0,'2025-09-06','2025-09-08',0,'2025-09-08','2025-09-11',0,'2025-09-11','2025-09-13',0,'2025-09-13','2025-09-15',0,'2025-09-15','2025-09-17',0,'2025-09-17','2025-09-19',0,'2025-09-19','2025-09-21',0,'2025-09-21','2025-09-23',0,'2025-09-10 17:15:04','2025-09-10 17:15:04'),(45,271,NULL,'2025-10-09','2025-10-10',0,'2025-10-10','2025-10-12',0,'2025-10-12','2025-10-14',0,'2025-10-14','2025-10-16',0,'2025-10-16','2025-10-17',0,'2025-10-17','2025-10-19',0,'2025-10-19','2025-10-21',0,'2025-10-21','2025-10-23',0,'2025-10-23','2025-10-24',0,'2025-10-24','2025-10-26',0,'2025-10-26','2025-10-28',0,'2025-10-28','2025-10-30',0,'2025-10-30','2025-11-01',0,'2025-11-01','2025-11-03',0,'2025-11-03','2025-11-05',0,'2025-11-05','2025-11-07',0,'2025-11-07','2025-11-09',0,'2025-11-09','2025-11-10',0,'2025-11-10','2025-11-12',0,'2025-11-12','2025-11-14',0,'2025-11-14','2025-11-16',0,'2025-11-16','2025-11-18',0,'2025-11-18','2025-11-19',0,'2025-11-19','2025-11-20',0,'2025-11-20','2025-11-21',0,'2025-11-21','2025-11-23',0,'2025-11-23','2025-11-26',0,'2025-11-26','2025-11-28',0,'2025-11-28','2025-11-30',0,'2025-11-30','2025-12-02',0,'2025-12-02','2025-12-04',0,'2025-12-04','2025-12-06',0,'2025-12-06','2025-12-08',0,'2025-09-11 14:01:07','2025-09-11 14:01:07');
/*!40000 ALTER TABLE `elevator_project_schedule` ENABLE KEYS */;
UNLOCK TABLES;

--
-- Table structure for table `employees`
--

DROP TABLE IF EXISTS `employees`;
/*!40101 SET @saved_cs_client     = @@character_set_client */;
/*!50503 SET character_set_client = utf8mb4 */;
CREATE TABLE `employees` (
  `username` varchar(50) DEFAULT NULL,
  `password` varchar(50) DEFAULT NULL,
  `employee_id` int NOT NULL AUTO_INCREMENT,
  `first_name` varchar(50) DEFAULT NULL,
  `last_name` varchar(50) DEFAULT NULL,
  `job` varchar(25) DEFAULT NULL,
  `hire_date` date DEFAULT NULL,
  `is_active` tinyint(1) DEFAULT '0',
  `team_id` int DEFAULT (NULL),
  `refresh_token` varchar(550) DEFAULT NULL,
  PRIMARY KEY (`employee_id`),
  KEY `teamId_foreignkey` (`team_id`),
  CONSTRAINT `teamId_foreignkey` FOREIGN KEY (`team_id`) REFERENCES `teams` (`team_id`) ON DELETE CASCADE
) ENGINE=InnoDB AUTO_INCREMENT=77 DEFAULT CHARSET=utf8mb4 COLLATE=utf8mb4_0900_ai_ci;
/*!40101 SET character_set_client = @saved_cs_client */;

--
-- Dumping data for table `employees`
--

LOCK TABLES `employees` WRITE;
/*!40000 ALTER TABLE `employees` DISABLE KEYS */;
INSERT INTO `employees` VALUES ('EugeneK','12345678',1,'Eugene','Krab','manager','2023-01-02',0,NULL,'eyJhbGciOiJIUzI1NiIsInR5cCI6IkpXVCJ9.eyJ1c2VybmFtZSI6IkV1Z2VuZUsiLCJpYXQiOjE3NTgxOTg0ODQsImV4cCI6MTc1ODI4NDg4NH0.jf7X6aSCgSD583_PiT-Rulda8BGdE74YKK3QDIG40k4'),('SquidwardT','12345678',2,'Squidward','Tentacles','Project Manager','2023-01-03',0,NULL,'eyJhbGciOiJIUzI1NiIsInR5cCI6IkpXVCJ9.eyJ1c2VybmFtZSI6IlNxdWlkd2FyZFQiLCJpYXQiOjE3NTgyMDUyNjUsImV4cCI6MTc1ODI5MTY2NX0.S_XdjlH4r1Ns2Jkq1tEDQUKMqlBf9UQ8CjfXClu3bzw'),('SpongebobS','12345678',3,'Spongebob','Squarepants','Project Engineer','2024-01-04',1,1,'eyJhbGciOiJIUzI1NiIsInR5cCI6IkpXVCJ9.eyJ1c2VybmFtZSI6IlNwb25nZWJvYlMiLCJpYXQiOjE3NTc1ODQxNjMsImV4cCI6MTc1NzY3MDU2M30.9KqBi6RTnUTLRwcl6qJBw1Z8TwVPvWWqj10EyIGXcyE'),('PatrickS','12345678',4,'Patrick','Star','Project Engineer','2023-01-05',0,2,NULL),('SandyC','12345678',5,'Sandy','Cheeks','Project Engineer','2023-01-06',0,3,'eyJhbGciOiJIUzI1NiIsInR5cCI6IkpXVCJ9.eyJ1c2VybmFtZSI6IlNhbmR5QyIsImlhdCI6MTc1ODIwNTcxMSwiZXhwIjoxNzU4MjkyMTExfQ.gZwkImOo2oqLaZaGDxQnzhRj6vhvPSdcMvQAPCTpBKw'),('SheldonP','12345678',6,'Sheldon','Plankton','Project Engineer','2023-01-07',0,4,'eyJhbGciOiJIUzI1NiIsInR5cCI6IkpXVCJ9.eyJ1c2VybmFtZSI6IlNoZWxkb25QIiwiaWF0IjoxNzU3NTk3MDQ0LCJleHAiOjE3NTc2ODM0NDR9.hTo7ESZXI36SeO2bDAVY_UeiTQIvLRIBV9tx2sdc18g'),('PearlK','12345678',7,'Pearl','Krabs','Project Engineer','2023-02-01',0,NULL,NULL),('KarenP','12345678',8,'Karen','Plankton','Project Engineer','2022-11-15',0,NULL,NULL),('LarryL','12345678',9,'Larry','Lobster','Project Engineer','2023-03-10',0,NULL,NULL),('NatP','12345678',10,'Nat','Peterson','Foreman','2023-04-05',1,1,NULL),('Tom','12345678',11,'Tom','Johnson','Technician','2023-05-12',1,1,NULL),('Fred','12345678',12,'Fred','Fish','Technician','2023-05-15',1,1,'eyJhbGciOiJIUzI1NiIsInR5cCI6IkpXVCJ9.eyJ1c2VybmFtZSI6IkZyZWQiLCJpYXQiOjE3NTc1ODUxODYsImV4cCI6MTc1NzY3MTU4Nn0.zpCYclwwmnS7aBWq6CZY1X2ZuRmGwpmwdky0XCoGphM'),('Nebby','12345678',13,'Nebby','Star','Foreman','2023-06-01',1,2,NULL),('Barny','12345678',14,'Barny','Fish','Technician','2023-06-10',1,2,NULL),('Martha','12345678',15,'Marthanah','Starfish','Technician','2023-07-01',1,2,NULL),('Betsy','12345678',16,'Betsy','Krabs','Technician','2023-07-15',1,2,NULL),('Gary','12345678',17,'Gary','Snail','Technician','2023-08-01',1,2,'eyJhbGciOiJIUzI1NiIsInR5cCI6IkpXVCJ9.eyJ1c2VybmFtZSI6IkdhcnkiLCJpYXQiOjE3NTc0MTU5NTMsImV4cCI6MTc1NzUwMjM1M30.597DoSWVcHz-29ZG_J1vW5QmzLaP17MPJKQaDODM710'),('MermaidMan','12345678',18,'Mermaid','Man','Foreman','2023-08-10',1,3,NULL),('BarnacleBoy','12345678',19,'Barnacle','Boy','Technician','2023-09-01',0,3,NULL),('KingNeptune','12345678',20,'King','Neptune','Technician','2023-09-15',1,3,NULL),('DirtyBubble','12345678',21,'Dirty','Bubble','Technician','2023-10-01',0,3,NULL),('JohnDoe','password123',37,'John','Doe','Foreman','2023-07-01',1,4,NULL),('JaneSmith','securepass',38,'Jane','Smith','Technician','2023-07-05',1,4,NULL),('MikeJohnson','mikepass',39,'Mike','Johnson','Technician','2023-07-10',1,4,NULL),('SarahWilson','sarah123',40,'Sarah','Wilson','Technician','2023-07-15',1,4,NULL),('DavidBrown','davidpass',41,'David','Brown','Technician','2023-07-20',1,4,NULL),('EmilyDavis','emily456',42,'Emily','Davis','Technician','2023-08-01',1,1,NULL),('RobertLee','robertpass',43,'Robert','Lee','Technician','2023-08-05',1,1,NULL),('LisaTaylor','lisa789',44,'Lisa','Taylor','Technician','2023-08-10',0,NULL,NULL),('ChrisMartin','chrispass',45,'Chris','Martin','Technician','2023-08-15',0,NULL,NULL),('AmyClark','amypass',46,'Amy','Clark','Technician','2023-08-20',0,NULL,NULL),('KevinWhite','kevin123',47,'Kevin','White','Technician','2023-09-01',0,NULL,NULL),('MichelleHall','michellepass',48,'Michelle','Hall','Technician','2023-09-05',0,NULL,NULL),('BrianScott','brian456',49,'Brian','Scott','Technician','2023-09-10',0,NULL,NULL),('JessicaKing','jessicapass',50,'Jessica','King','Technician','2023-09-15',0,NULL,NULL),('DanielYoung','daniel789',51,'Daniel','Young','Technician','2023-09-20',0,NULL,NULL),('JohnD','12345678',52,'Ray','Ban','Foreman','2023-04-10',1,NULL,NULL),('MichaelB','12345678',53,'Michael','Brown','Foreman','2023-04-12',1,NULL,'eyJhbGciOiJIUzI1NiIsInR5cCI6IkpXVCJ9.eyJ1c2VybmFtZSI6Ik1pY2hhZWxCIiwiaWF0IjoxNzU3NjAwNjU4LCJleHAiOjE3NTc2ODcwNTh9.flx3Hne12HIOIY0SEcgqM6h9s4UIj9o5iVStnN9ESa0'),('DavidW','12345678',54,'David','Williams','Foreman','2023-04-15',1,NULL,NULL),('ChrisT','12345678',55,'Chris','Taylor','Foreman','2023-04-18',1,NULL,NULL),('AnthonyM','12345678',56,'Anthony','Miller','Foreman','2023-04-20',1,NULL,NULL),('RyanLee','ryanpass123',57,'Ryan','Lee','Technician','2023-10-01',0,NULL,NULL),('SarahBrown','sarah456',58,'Sarah','Brown','Technician','2023-10-05',0,NULL,NULL),('JasonChen','jasonpass',59,'Jason','Chen','Technician','2023-10-10',0,NULL,NULL),('EmilyWright','emily789',60,'Emily','Wright','Technician','2023-10-15',0,NULL,NULL),('MichaelTurner','mike123',61,'Michael','Turner','Technician','2023-10-20',0,NULL,NULL),('OliviaParker','olivia456',62,'Olivia','Parker','Technician','2023-10-25',0,NULL,NULL),('DavidMiller','davidpass',63,'David','Miller','Technician','2023-11-01',0,NULL,NULL),('SophiaGarcia','sophia789',64,'Sophia','Garcia','Technician','2023-11-05',0,NULL,NULL),('AndrewHill','andrew123',65,'Andrew','Hill','Technician','2023-11-10',0,NULL,NULL),('GraceLewis','grace456',66,'Grace','Lewis','Technician','2023-11-15',0,NULL,NULL),('JoshuaWalker','joshua789',67,'Joshua','Walker','Technician','2023-11-20',0,NULL,NULL),('ChloeRobinson','chloe123',68,'Chloe','Robinson','Technician','2023-11-25',0,NULL,NULL),('NicholasHall','nick456',69,'Nicholas','Hall','Technician','2023-12-01',0,NULL,NULL),('LilyAllen','lily789',70,'Lily','Allen','Technician','2023-12-05',0,NULL,NULL),('TylerYoung','tyler123',71,'Tyler','Young','Technician','2023-12-10',0,NULL,NULL),('HannahKing','hannah456',72,'Hannah','King','Technician','2023-12-15',0,NULL,NULL),('BrandonScott','brandon789',73,'Brandon','Scott','Technician','2023-12-20',0,NULL,NULL),('AvaGreen','avapass123',74,'Ava','Green','Technician','2023-12-25',0,NULL,NULL),('JustinAdams','justin456',75,'Justin','Adams','Technician','2023-12-30',0,NULL,NULL),('MiaNelson','mia789',76,'Mia','Nelson','Technician','2024-01-04',0,NULL,NULL);
/*!40000 ALTER TABLE `employees` ENABLE KEYS */;
UNLOCK TABLES;

--
-- Table structure for table `expenses`
--

DROP TABLE IF EXISTS `expenses`;
/*!40101 SET @saved_cs_client     = @@character_set_client */;
/*!50503 SET character_set_client = utf8mb4 */;
CREATE TABLE `expenses` (
  `expense_id` int NOT NULL,
  `expense_name` varchar(50) DEFAULT NULL,
  `expense_total` decimal(10,2) DEFAULT NULL,
  PRIMARY KEY (`expense_id`)
) ENGINE=InnoDB DEFAULT CHARSET=utf8mb4 COLLATE=utf8mb4_0900_ai_ci;
/*!40101 SET character_set_client = @saved_cs_client */;

--
-- Dumping data for table `expenses`
--

LOCK TABLES `expenses` WRITE;
/*!40000 ALTER TABLE `expenses` DISABLE KEYS */;
INSERT INTO `expenses` VALUES (1,'salaries',1608360.00),(2,'supplies',0.00),(3,'taxes',0.00);
/*!40000 ALTER TABLE `expenses` ENABLE KEYS */;
UNLOCK TABLES;

--
-- Table structure for table `notification`
--

DROP TABLE IF EXISTS `notification`;
/*!40101 SET @saved_cs_client     = @@character_set_client */;
/*!50503 SET character_set_client = utf8mb4 */;
CREATE TABLE `notification` (
  `notification_id` int NOT NULL AUTO_INCREMENT,
  `subject` varchar(255) NOT NULL,
  `body` varchar(255) NOT NULL,
  `date` date DEFAULT (curdate()),
  PRIMARY KEY (`notification_id`)
) ENGINE=InnoDB AUTO_INCREMENT=105 DEFAULT CHARSET=utf8mb4 COLLATE=utf8mb4_0900_ai_ci;
/*!40101 SET character_set_client = @saved_cs_client */;

--
-- Dumping data for table `notification`
--

LOCK TABLES `notification` WRITE;
/*!40000 ALTER TABLE `notification` DISABLE KEYS */;
INSERT INTO `notification` VALUES (1,'Project Delay Alert - Downtown Plaza','The elevator installation at Downtown Plaza is 5 days behind schedule due to delayed shipment of control systems. Client has been notified but requires updated timeline by EOD.','2025-08-30'),(2,'Safety Inspection Required','Quarterly safety audit for all installation teams is overdue. Please schedule inspections for teams working at Sky Tower, Oceanview Condos, and Medical Center projects.','2025-08-30'),(3,'Budget Approval Needed - Hospital Project','Additional $8,500 required for structural reinforcements at City Hospital project. Engineering team has submitted revised plans for your review.','2025-08-30'),(4,'New Contract Awarded','We have been awarded the 15-elevator contract for the new financial district tower. Project kickoff meeting scheduled for next Monday 10 AM.','2025-08-30'),(5,'Team Performance Review','Q3 performance metrics available. Team Alpha shows 98% on-time completion while Team Beta needs improvement at 78%. Review detailed reports in dashboard.','2025-08-30'),(6,'Urgent: Permit Issue - 45 Park Avenue','Building department has halted work at 45 Park Avenue due to missing electrical permits. Immediate action required to avoid $5,000 daily penalties.','2025-08-30'),(7,'Maintenance Contract Renewal','Annual service contracts for 25 buildings expire in 15 days. Several clients are requesting price negotiations for extended coverage.','2025-08-30'),(8,'Equipment Maintenance Due','Hydraulic lift equipment #L-203 and traction machine #T-117 are due for scheduled maintenance. Downtime required: 2 days each.','2025-08-30'),(9,'Installation Checklist Pending','Final installation checklist for Maple Heights project due today. Quality assurance requires documentation before client handover.','2025-08-30'),(10,'Client Meeting Scheduled','Pre-installation coordination meeting with ABC Corp architects scheduled for tomorrow 2:00 PM. Bring updated floor plans and shaft drawings.','2025-08-30'),(11,'Parts Delivery Confirmed','Guidance systems and door operators for your current project delivered to site this morning. Inventory check required before installation begins.','2025-08-30'),(12,'Design Modification Request','Architect requested changes to car interior specifications for Luxury Towers project. Revised drawings available in project folder.','2025-08-30'),(13,'Safety Certification Renewal','Your elevated work platform certification expires in 10 days. Please schedule renewal training with safety department.','2025-08-30'),(14,'Progress Report Overdue','Weekly progress report for Midtown Office project not submitted. Project dashboard shows incomplete data for client review.','2025-08-30'),(15,'Team Reassignment Notice','Two senior technicians reassigned to your project starting Monday. Review updated team roster and schedule adjustments needed.','2025-08-30'),(16,'Load Test Results Ready','Performance test results for elevator #LT-304 available. All parameters within tolerance - ready for certification documentation.','2025-08-30'),(17,'Warranty Documentation','Manufacturer warranty paperwork requires your signature before client handover tomorrow. Documents available in main office.','2025-08-30'),(18,'Weather Advisory','Severe weather warning issued for tomorrow. All outdoor installation work at construction sites may be affected. Plan accordingly.','2025-08-30'),(19,'Subcontractor Delay','Electrical subcontractor missed scheduled work date at Oceanfront project. Rescheduling required - client expecting update by 3 PM today.','2025-08-30'),(20,'Inspection Approved','City inspector approved phase 2 installation at Commerce Building. You may proceed with machine room equipment installation.','2025-08-30'),(21,'Inventory Shortage Alert','Controller cabinets backordered - expected 10-day delay. Consider revising project timeline for affected installations.','2025-08-30'),(22,'Client Change Order','Client requested additional floor stop at penthouse level - requires engineering review and pricing adjustment. Urgent response needed.','2025-08-30'),(23,'Quality Control Issue','QC team identified rail alignment issues in shaft #3 at Financial District project. Requires correction before proceeding with car installation.','2025-08-30'),(34,'test','test body','2025-09-01'),(35,'test','test body','2025-09-01'),(36,'test','test body','2025-09-01'),(100,'hihi','zxc','2025-09-18'),(101,'hihi','zxc','2025-09-18'),(102,'hi','hi agasdfi','2025-09-18'),(103,'hi','hi agasdfi','2025-09-18'),(104,'hi','hi agasdfi','2025-09-18');
/*!40000 ALTER TABLE `notification` ENABLE KEYS */;
UNLOCK TABLES;

--
-- Table structure for table `notification_recipients`
--

DROP TABLE IF EXISTS `notification_recipients`;
/*!40101 SET @saved_cs_client     = @@character_set_client */;
/*!50503 SET character_set_client = utf8mb4 */;
CREATE TABLE `notification_recipients` (
  `id` int NOT NULL AUTO_INCREMENT,
  `notification_id` int DEFAULT NULL,
  `employee_id` int DEFAULT NULL,
  PRIMARY KEY (`id`),
  KEY `employee_id` (`employee_id`),
  KEY `notification_recipients_ibfk_1` (`notification_id`),
  CONSTRAINT `notification_recipients_ibfk_1` FOREIGN KEY (`notification_id`) REFERENCES `notification` (`notification_id`) ON DELETE CASCADE,
  CONSTRAINT `notification_recipients_ibfk_2` FOREIGN KEY (`employee_id`) REFERENCES `employees` (`employee_id`)
) ENGINE=InnoDB AUTO_INCREMENT=437 DEFAULT CHARSET=utf8mb4 COLLATE=utf8mb4_0900_ai_ci;
/*!40101 SET character_set_client = @saved_cs_client */;

--
-- Dumping data for table `notification_recipients`
--

LOCK TABLES `notification_recipients` WRITE;
/*!40000 ALTER TABLE `notification_recipients` DISABLE KEYS */;
INSERT INTO `notification_recipients` VALUES (1,1,1),(2,2,1),(3,3,1),(4,4,1),(5,5,1),(6,6,1),(7,7,1),(8,8,1),(9,9,3),(10,10,3),(11,11,3),(12,12,4),(13,13,4),(14,14,4),(15,15,5),(16,16,5),(17,17,5),(18,18,6),(19,19,6),(20,20,6),(21,21,7),(22,22,7),(23,23,7),(24,36,3),(25,36,4),(26,36,5),(27,36,6),(28,36,7),(29,36,8),(30,36,9),(416,102,3),(417,102,4),(418,102,5),(419,102,6),(420,102,7),(421,102,8),(422,102,9),(423,103,3),(424,103,4),(425,103,5),(426,103,6),(427,103,7),(428,103,8),(429,103,9),(430,104,3),(431,104,4),(432,104,5),(433,104,6),(434,104,7),(435,104,8),(436,104,9);
/*!40000 ALTER TABLE `notification_recipients` ENABLE KEYS */;
UNLOCK TABLES;

--
-- Table structure for table `pms`
--

DROP TABLE IF EXISTS `pms`;
/*!40101 SET @saved_cs_client     = @@character_set_client */;
/*!50503 SET character_set_client = utf8mb4 */;
CREATE TABLE `pms` (
  `id` int NOT NULL AUTO_INCREMENT,
  `client` varchar(50) DEFAULT NULL,
  `starting_date` date DEFAULT NULL,
  `free_PMS_end_date` date DEFAULT NULL,
  `interval` varchar(255) DEFAULT (_utf8mb4'yearly'),
  `PMS_appointment` date DEFAULT NULL,
  `technician_id` int DEFAULT NULL,
  `callback_date` date DEFAULT (NULL),
  PRIMARY KEY (`id`)
) ENGINE=InnoDB DEFAULT CHARSET=utf8mb4 COLLATE=utf8mb4_0900_ai_ci;
/*!40101 SET character_set_client = @saved_cs_client */;

--
-- Dumping data for table `pms`
--

LOCK TABLES `pms` WRITE;
/*!40000 ALTER TABLE `pms` DISABLE KEYS */;
/*!40000 ALTER TABLE `pms` ENABLE KEYS */;
UNLOCK TABLES;

--
-- Table structure for table `products`
--

DROP TABLE IF EXISTS `products`;
/*!40101 SET @saved_cs_client     = @@character_set_client */;
/*!50503 SET character_set_client = utf8mb4 */;
CREATE TABLE `products` (
  `product_id` int DEFAULT NULL,
  `product_name` varchar(25) DEFAULT NULL,
  `price` decimal(4,2) NOT NULL DEFAULT '0.00',
  UNIQUE KEY `product_name` (`product_name`)
) ENGINE=InnoDB DEFAULT CHARSET=utf8mb4 COLLATE=utf8mb4_0900_ai_ci;
/*!40101 SET character_set_client = @saved_cs_client */;

--
-- Dumping data for table `products`
--

LOCK TABLES `products` WRITE;
/*!40000 ALTER TABLE `products` DISABLE KEYS */;
INSERT INTO `products` VALUES (100,'hamburger',3.99),(101,'fires',1.89),(102,'soda',1.00),(103,'ice cream',1.49),(104,'straw',0.00),(105,'napkin',0.00),(106,'fork',0.00),(107,'spoon',0.00);
/*!40000 ALTER TABLE `products` ENABLE KEYS */;
UNLOCK TABLES;

--
-- Table structure for table `project_engineers`
--

DROP TABLE IF EXISTS `project_engineers`;
/*!40101 SET @saved_cs_client     = @@character_set_client */;
/*!50503 SET character_set_client = utf8mb4 */;
CREATE TABLE `project_engineers` (
  `id` int NOT NULL AUTO_INCREMENT,
  `engineer_id` int NOT NULL,
  `name` varchar(100) NOT NULL,
  PRIMARY KEY (`id`),
  KEY `engineer_id` (`engineer_id`),
  CONSTRAINT `project_engineers_ibfk_1` FOREIGN KEY (`engineer_id`) REFERENCES `employees` (`employee_id`)
) ENGINE=InnoDB AUTO_INCREMENT=8 DEFAULT CHARSET=utf8mb4 COLLATE=utf8mb4_0900_ai_ci;
/*!40101 SET character_set_client = @saved_cs_client */;

--
-- Dumping data for table `project_engineers`
--

LOCK TABLES `project_engineers` WRITE;
/*!40000 ALTER TABLE `project_engineers` DISABLE KEYS */;
INSERT INTO `project_engineers` VALUES (1,3,'Spongebob Squarepants'),(2,4,'Patrick Star'),(3,5,'Sandy Cheeks'),(4,6,'Sheldon Plankton'),(5,7,'Pearl Krabs'),(6,8,'Karen Plankton'),(7,9,'Larry Lobster');
/*!40000 ALTER TABLE `project_engineers` ENABLE KEYS */;
UNLOCK TABLES;

--
-- Table structure for table `project_reports`
--

DROP TABLE IF EXISTS `project_reports`;
/*!40101 SET @saved_cs_client     = @@character_set_client */;
/*!50503 SET character_set_client = utf8mb4 */;
CREATE TABLE `project_reports` (
  `id` int NOT NULL AUTO_INCREMENT,
  `project_id` int DEFAULT NULL,
  `subject` varchar(255) DEFAULT NULL,
  `content` varchar(300) DEFAULT NULL,
  `report_date` date DEFAULT NULL,
  PRIMARY KEY (`id`),
  KEY `project_fk` (`project_id`),
  CONSTRAINT `project_reports_ibfk_1` FOREIGN KEY (`project_id`) REFERENCES `projects` (`id`) ON DELETE CASCADE,
  CONSTRAINT `project_reports_ibfk_2` FOREIGN KEY (`project_id`) REFERENCES `projects` (`id`) ON DELETE CASCADE
) ENGINE=InnoDB DEFAULT CHARSET=utf8mb4 COLLATE=utf8mb4_0900_ai_ci;
/*!40101 SET character_set_client = @saved_cs_client */;

--
-- Dumping data for table `project_reports`
--

LOCK TABLES `project_reports` WRITE;
/*!40000 ALTER TABLE `project_reports` DISABLE KEYS */;
/*!40000 ALTER TABLE `project_reports` ENABLE KEYS */;
UNLOCK TABLES;

--
-- Table structure for table `projects`
--

DROP TABLE IF EXISTS `projects`;
/*!40101 SET @saved_cs_client     = @@character_set_client */;
/*!50503 SET character_set_client = utf8mb4 */;
CREATE TABLE `projects` (
  `id` int NOT NULL AUTO_INCREMENT,
  `lift_name` varchar(255) NOT NULL,
  `description` text,
  `cap` int DEFAULT NULL,
  `created_at` date DEFAULT (curdate()),
  `drive` varchar(255) NOT NULL,
  `door_operator` varchar(255) NOT NULL,
  `speed` int NOT NULL,
  `control` varchar(255) NOT NULL,
  `stops` int DEFAULT NULL,
  `serving_floor` varchar(255) NOT NULL,
  `travel` varchar(255) NOT NULL,
  `power_supply` varchar(255) NOT NULL,
  `shaft` varchar(255) NOT NULL,
  `shaft_size` varchar(255) NOT NULL,
  `car_size` varchar(255) NOT NULL,
  `door_size` varchar(255) NOT NULL,
  `overhead_height` int NOT NULL,
  `pit_depth` int NOT NULL,
  `status` enum('active','inactive','manufacturing','completed') NOT NULL DEFAULT 'manufacturing',
  `progress` int DEFAULT '0',
  `manufacturing_end_date` date DEFAULT NULL,
  `project_end_date` date DEFAULT NULL,
  `team_id` int DEFAULT NULL,
  PRIMARY KEY (`id`)
) ENGINE=InnoDB AUTO_INCREMENT=275 DEFAULT CHARSET=utf8mb4 COLLATE=utf8mb4_0900_ai_ci;
/*!40101 SET character_set_client = @saved_cs_client */;

--
-- Dumping data for table `projects`
--

LOCK TABLES `projects` WRITE;
/*!40000 ALTER TABLE `projects` DISABLE KEYS */;
INSERT INTO `projects` VALUES (1,'SkyLift 1004','High-speed passenger lift for a commercial buildings.',600,'2025-06-10','Gearless Traction','Automatic Sliding',8,'Microprocessor',11,'B1-F12','40m','3-Phase 415V','Concrete','2.5m x 2.5m','2.1m x 1.5m','1.2m x 2.1m',4500,1500,'active',25,'2025-08-07','2025-10-06',1),(44,'Office Tower Elevator A','High-speed passenger elevator for new office building',700,'2025-05-17','Gearless Traction','Automatic Center Opening',4,'Microprocessor',10,'1-10','45m','3-phase 415V','Concrete','2.5m x 2.5m','2.1m x 1.5m','1.2m x 2.1m',4500,1500,'active',85,'2025-07-22','2025-09-20',2),(45,'Residential Lift A','Medium-speed lift for apartment complex',900,'2025-05-22','Machine Room Less','Automatic Slide',7,'V3F',8,'1-8','28m','3-phase 380V','Concrete','2.2m x 2.2m','2.0m x 1.5m','1.1m x 2.0m',4200,1300,'active',92,'2025-07-24','2025-09-22',3),(46,'Hospital Service Elevator','Heavy-duty service elevator for medical equipment transport',100,'2025-05-07','Hydraulic','Automatic Side Opening',1,'PLC',6,'B-5','25m','3-phase 400V','Steel Frame','3m x 3.5m','2.5m x 2.5m','2.0m x 2.5m',4000,1200,'active',78,'2025-07-16','2025-10-04',4),(47,'Shopping Mall Panoramic','Glass observation elevator for shopping center atrium',100,'2025-04-27','Gearless Traction','Automatic Glass',1,'MPC',5,'G-4','20m','3-phase','Glass & Steel','2500x2500mm','1800x1600mm','1200x2200mm',3500,900,'active',95,'2025-07-06','2025-09-24',NULL),(48,'Warehouse Freight Lift','Industrial cargo lift for warehouse operations',100,'2025-05-12','Geared Traction','Manual Roller',1,'Relay',4,'1-4','15m','3-phase','Structural Steel','3000x3000mm','2500x2200mm','2000x2500mm',2800,800,'active',88,'2025-07-21','2025-09-19',9),(265,'Omega-XL Passenger Elevator','High-capacity elevator for commercial buildings with advanced safety features',2000,'2025-07-05','Traction','Automatic Sliding',180,'Microprocessor V3F',15,'B2 to L15','45m','380V 3Phase','Concrete','2000x2000mm','1600x1400mm','1100',3500,1200,'active',65,'2025-09-18','2025-11-17',NULL),(266,'Hydro-Lift Freight Elevator','Heavy duty freight elevator for industrial applications',5000,'2025-07-22','Hydraulic','Vertical Bi-Parting',60,'Relay Logic',8,'G to L7','25m','415V 3Phase','Structural Steel','3000x3000mm','2800x2700mm','1400',4200,1500,'manufacturing',45,'2025-10-10','2025-09-20',NULL),(267,'Eco-Mini Residential Elevator','Space-saving elevator for residential buildings with energy-efficient operation',400,'2025-08-14','Machine-Room-Less','Swing',90,'Solid State',5,'G to L4','15m','220V 1Phase','Pre-fabricated','1200x1200mm','900x900mm','800',2300,950,'manufacturing',75,'2025-10-23','2025-12-22',NULL),(269,'C Esporsado','test project',12,'2025-09-02','aa','aa',12,'aa',12,'aa','40','aa','aa','aa','aa','aa',43,41,'manufacturing',0,NULL,NULL,NULL),(271,'zzz','zzfdsafd',12,'2025-09-11','aa','dfsd',32,'adsf',43,'b1','40','aa','afds','fdsa','fdf','ff',123,23,'manufacturing',0,'2025-10-09','2025-12-08',6),(273,'Sample Elevator','sample',200,'2025-09-12','drive','dooroperator',12,'control',23,'b1-10','30','power supply','shaft','shaft size','sample dimension x sample dimension','m x m',300,300,'manufacturing',0,'2025-11-27',NULL,NULL),(274,'C Esporsado','fasd',12,'2025-09-18','123','123',32,'21',23,'f2','132','123','32','32','32','32',23,23,'manufacturing',0,'2025-11-15',NULL,NULL);
/*!40000 ALTER TABLE `projects` ENABLE KEYS */;
UNLOCK TABLES;

--
-- Table structure for table `team_members`
--

DROP TABLE IF EXISTS `team_members`;
/*!40101 SET @saved_cs_client     = @@character_set_client */;
/*!50503 SET character_set_client = utf8mb4 */;
CREATE TABLE `team_members` (
  `id` int NOT NULL AUTO_INCREMENT,
  `foreman_id` int DEFAULT NULL,
  `emp_id` int DEFAULT NULL,
  PRIMARY KEY (`id`),
  KEY `emp_id` (`emp_id`),
  KEY `team_members_ibfk_3` (`foreman_id`),
  CONSTRAINT `team_members_ibfk_2` FOREIGN KEY (`emp_id`) REFERENCES `employees` (`employee_id`),
  CONSTRAINT `team_members_ibfk_3` FOREIGN KEY (`foreman_id`) REFERENCES `teams` (`team_id`) ON DELETE CASCADE
) ENGINE=InnoDB AUTO_INCREMENT=92 DEFAULT CHARSET=utf8mb4 COLLATE=utf8mb4_0900_ai_ci;
/*!40101 SET character_set_client = @saved_cs_client */;

--
-- Dumping data for table `team_members`
--

LOCK TABLES `team_members` WRITE;
/*!40000 ALTER TABLE `team_members` DISABLE KEYS */;
INSERT INTO `team_members` VALUES (2,1,10),(3,1,11),(4,1,12),(5,1,42),(6,1,43),(8,2,13),(9,2,14),(10,2,15),(11,2,16),(12,2,17),(28,3,18),(29,3,19),(30,3,20),(31,3,21),(33,4,37),(34,4,38),(35,4,39),(36,4,40),(37,4,41),(66,6,48),(67,6,49),(68,6,50),(69,6,51),(71,6,53),(72,7,57),(73,7,58),(74,7,59),(75,7,60),(76,8,61),(77,8,62),(78,8,63),(79,8,64),(80,9,65),(81,9,66),(82,9,67),(83,9,68),(84,7,54),(85,8,55),(86,9,56),(87,1,3),(88,9,4),(90,6,5),(91,2,6);
/*!40000 ALTER TABLE `team_members` ENABLE KEYS */;
UNLOCK TABLES;

--
-- Table structure for table `teams`
--

DROP TABLE IF EXISTS `teams`;
/*!40101 SET @saved_cs_client     = @@character_set_client */;
/*!50503 SET character_set_client = utf8mb4 */;
CREATE TABLE `teams` (
  `team_id` int NOT NULL AUTO_INCREMENT,
  `Foreman` varchar(255) NOT NULL,
  `foreman_id` int DEFAULT NULL,
  `project_id` int DEFAULT (NULL),
  `project_engineer_id` int DEFAULT NULL,
  PRIMARY KEY (`team_id`),
  KEY `foremanForeignKey` (`foreman_id`),
  KEY `pe_fk` (`project_engineer_id`),
  KEY `teams_ibfk_1` (`project_id`),
  CONSTRAINT `teams_ibfk_1` FOREIGN KEY (`project_id`) REFERENCES `projects` (`id`) ON DELETE CASCADE,
  CONSTRAINT `teams_ibfk_2` FOREIGN KEY (`foreman_id`) REFERENCES `employees` (`employee_id`) ON DELETE CASCADE,
  CONSTRAINT `teams_ibfk_3` FOREIGN KEY (`project_engineer_id`) REFERENCES `employees` (`employee_id`) ON DELETE CASCADE
) ENGINE=InnoDB AUTO_INCREMENT=10 DEFAULT CHARSET=utf8mb4 COLLATE=utf8mb4_0900_ai_ci;
/*!40101 SET character_set_client = @saved_cs_client */;

--
-- Dumping data for table `teams`
--

LOCK TABLES `teams` WRITE;
/*!40000 ALTER TABLE `teams` DISABLE KEYS */;
INSERT INTO `teams` VALUES (1,'Nat Peterson',10,1,3),(2,'Nebby Star',13,NULL,NULL),(3,'Mermaid Man',18,NULL,NULL),(4,'John Doe',37,NULL,NULL),(6,'Michael Brown',53,271,5),(7,'David Williams',54,NULL,NULL),(8,'Chris Taylor',55,NULL,NULL),(9,'Anthony Miller',56,48,4);
/*!40000 ALTER TABLE `teams` ENABLE KEYS */;
UNLOCK TABLES;
/*!50003 SET @saved_cs_client      = @@character_set_client */ ;
/*!50003 SET @saved_cs_results     = @@character_set_results */ ;
/*!50003 SET @saved_col_connection = @@collation_connection */ ;
/*!50003 SET character_set_client  = utf8mb4 */ ;
/*!50003 SET character_set_results = utf8mb4 */ ;
/*!50003 SET collation_connection  = utf8mb4_0900_ai_ci */ ;
/*!50003 SET @saved_sql_mode       = @@sql_mode */ ;
/*!50003 SET sql_mode              = 'ONLY_FULL_GROUP_BY,STRICT_TRANS_TABLES,NO_ZERO_IN_DATE,NO_ZERO_DATE,ERROR_FOR_DIVISION_BY_ZERO,NO_ENGINE_SUBSTITUTION' */ ;
DELIMITER ;;
/*!50003 CREATE*/ /*!50017 DEFINER=`root`@`localhost`*/ /*!50003 TRIGGER `update_project_team_id` AFTER UPDATE ON `teams` FOR EACH ROW BEGIN
	update projects p set p.team_id = NEW.team_id where id = NEW.project_id;
END */;;
DELIMITER ;
/*!50003 SET sql_mode              = @saved_sql_mode */ ;
/*!50003 SET character_set_client  = @saved_cs_client */ ;
/*!50003 SET character_set_results = @saved_cs_results */ ;
/*!50003 SET collation_connection  = @saved_col_connection */ ;

--
-- Table structure for table `transactions`
--

DROP TABLE IF EXISTS `transactions`;
/*!40101 SET @saved_cs_client     = @@character_set_client */;
/*!50503 SET character_set_client = utf8mb4 */;
CREATE TABLE `transactions` (
  `transaction_id` int NOT NULL AUTO_INCREMENT,
  `amount` decimal(5,2) DEFAULT NULL,
  `customer_id` int DEFAULT NULL,
  `order_date` date DEFAULT NULL,
  PRIMARY KEY (`transaction_id`),
  KEY `fk_transactions_id` (`customer_id`),
  CONSTRAINT `fk_transactions_id` FOREIGN KEY (`customer_id`) REFERENCES `customers` (`customer_id`) ON DELETE CASCADE
) ENGINE=InnoDB AUTO_INCREMENT=1007 DEFAULT CHARSET=utf8mb4 COLLATE=utf8mb4_0900_ai_ci;
/*!40101 SET character_set_client = @saved_cs_client */;

--
-- Dumping data for table `transactions`
--

LOCK TABLES `transactions` WRITE;
/*!40000 ALTER TABLE `transactions` DISABLE KEYS */;
INSERT INTO `transactions` VALUES (1000,4.99,3,'2023-01-01'),(1001,2.89,2,'2023-01-01'),(1002,3.38,3,'2023-01-02'),(1003,4.99,1,'2023-01-02'),(1004,1.00,NULL,'2023-01-03'),(1006,5.48,NULL,'2023-01-03');
/*!40000 ALTER TABLE `transactions` ENABLE KEYS */;
UNLOCK TABLES;

--
-- Final view structure for view `customer_emails`
--

/*!50001 DROP VIEW IF EXISTS `customer_emails`*/;
/*!50001 SET @saved_cs_client          = @@character_set_client */;
/*!50001 SET @saved_cs_results         = @@character_set_results */;
/*!50001 SET @saved_col_connection     = @@collation_connection */;
/*!50001 SET character_set_client      = utf8mb4 */;
/*!50001 SET character_set_results     = utf8mb4 */;
/*!50001 SET collation_connection      = utf8mb4_0900_ai_ci */;
/*!50001 CREATE ALGORITHM=UNDEFINED */
/*!50013 DEFINER=`root`@`localhost` SQL SECURITY DEFINER */
/*!50001 VIEW `customer_emails` AS select `customers`.`email` AS `email` from `customers` */;
/*!50001 SET character_set_client      = @saved_cs_client */;
/*!50001 SET character_set_results     = @saved_cs_results */;
/*!50001 SET collation_connection      = @saved_col_connection */;
/*!40103 SET TIME_ZONE=@OLD_TIME_ZONE */;

/*!40101 SET SQL_MODE=@OLD_SQL_MODE */;
/*!40014 SET FOREIGN_KEY_CHECKS=@OLD_FOREIGN_KEY_CHECKS */;
/*!40014 SET UNIQUE_CHECKS=@OLD_UNIQUE_CHECKS */;
/*!40101 SET CHARACTER_SET_CLIENT=@OLD_CHARACTER_SET_CLIENT */;
/*!40101 SET CHARACTER_SET_RESULTS=@OLD_CHARACTER_SET_RESULTS */;
/*!40101 SET COLLATION_CONNECTION=@OLD_COLLATION_CONNECTION */;
/*!40111 SET SQL_NOTES=@OLD_SQL_NOTES */;

-- Dump completed on 2025-09-19  0:05:33
